method,n_valid,accuracy,precision,safe_recall,unsafe_reject,balanced_accuracy,f1,unsafe_landing_rate,TP,FP,FN,TN
Ontology+AI (policy),1000,0.403,0.328263624841572,0.794478527607362,0.213649851632047,0.504064189619705,0.46457399103139,0.786350148367952,259,530,67,144
Threshold baseline,1000,0.369,0.299077733860343,0.696319018404908,0.210682492581602,0.453500755493255,0.418433179723502,0.789317507418398,227,532,99,142
