method,n_valid,n_executed,execution_rate,trajectory_follow_score,trajectory_success_rate,trajectory_xyz_rmse_m,trajectory_xy_rmse_m,trajectory_z_rmse_m,trajectory_xy_mae_m,trajectory_z_mae_m,trajectory_quality_mean,trajectory_quality_std,trajectory_metric_mode
Ontology Threshold Policy,1000,683,0.683,0.755926270521033,0.995607613469985,0.205709289455487,0.143408054384095,0.147480309553681,0.140386392525196,0.139418722055572,0.708737936992873,0.0642948009139339,proxy_tag_stability
Physics Threshold Baseline,1000,703,0.703,0.768770819898747,0.995732574679943,0.197348571837465,0.138536746020569,0.140549026351376,0.136285955023557,0.127231762736418,0.72738866739318,0.0803993710846764,proxy_tag_stability
