method,n_valid,accuracy,precision,safe_recall,unsafe_reject,balanced_accuracy,f1,unsafe_landing_rate,TP,FP,FN,TN
Ontology+AI (policy),10000,0.797,0.988978380669775,0.781923807395822,0.925643469971401,0.853783638683612,0.873346643374095,0.0743565300285987,6999,78,1952,971
Threshold baseline,10000,0.727,0.9430280586811,0.739693888950955,0.618684461391802,0.679189175171378,0.829075882794891,0.381315538608198,6621,400,2330,649
