method,n_valid,accuracy,precision,safe_recall,unsafe_reject,balanced_accuracy,f1,unsafe_landing_rate,TP,FP,FN,TN
Ontology+AI (policy),10000,0.7953,0.988967468175389,0.780270059145185,0.92492781520693,0.852598937176057,0.872309899569584,0.0750721847930703,6992,78,1969,961
Threshold baseline,10000,0.7273,0.939509306260575,0.743555406762638,0.587102983638114,0.665329195200376,0.830125210241076,0.412897016361886,6663,429,2298,610
