method,n_valid,accuracy,precision,safe_recall,unsafe_reject,balanced_accuracy,f1,unsafe_landing_rate,TP,FP,FN,TN
Ontology+AI (policy),10000,0.7971,0.988979937835547,0.782035526756787,0.925643469971401,0.853839498364094,0.873416931811092,0.0743565300285987,7000,78,1951,971
Threshold baseline,10000,0.7268,0.942885628827802,0.73958216958999,0.617731172545281,0.678656671067636,0.828950663661407,0.382268827454719,6620,401,2331,648
