scenario_id,mean_wind_speed,max_wind_speed,wind_velocity_x,wind_velocity_y,wind_velocity,wind_acceleration_x,wind_acceleration_y,wind_acceleration,wind_body_force_x,wind_body_force_y,wind_body_force,mean_wind_body_risk,mean_wind_gust_risk,mean_wind_risk_raw,min_thrust_margin_n,mean_abs_roll_deg,mean_abs_pitch_deg,mean_abs_vz,max_abs_vz,mean_tag_error,max_tag_error,stability_std_z,stability_std_vz,mean_imu_ang_vel,max_imu_ang_vel,mean_imu_lin_acc,max_imu_lin_acc,wind_speed_cmd,wind_dir_cmd,hover_height_cmd,gt_safe_to_land,label,success,onto_wind_condition,onto_gust,onto_temporal_pattern,onto_drone_state,onto_tag_observation
1,2.04144815987554,2.68528771400452,-1.25663500340685,-1.59095242223712,2.04144815987554,-0.0593660433172186,0.0114397294598678,0.0604582046479784,-0.0854241103508342,-0.133422087691238,0.162201486603441,0.0104619660550038,0.127678752465831,0.130398098500862,15.4443784392834,0.816272796667382,0.96429800640754,0.178549620847646,0.240275713238766,0.118403469624215,0.397063086618365,0.156797751289613,0.0414215494117171,NaN,NaN,NaN,NaN,2.0716688985117,-127.374480982322,2.31472368639318,stable,stable,1,0.570465795666983,0.155947903864482,0.178319013385,0.89673499040916,0.347376235722571
2,2.33696501531699,3,-1.38947361517645,-1.83762864288718,2.33696501531699,0.00678931554623208,0.00484647840467528,0.00834165202542593,-0.109130270041207,-0.183771595746542,0.223670661809267,0.0144343728383367,0.231993311810092,0.233645307700261,15.4367046112616,1.43983228689825,1.6374521339075,0.0384034448296589,0.147346544131792,0.266024920257212,0.696502752602927,0.017045051393072,0.0105862380688472,NaN,NaN,NaN,NaN,2.42882567996652,-126.095851442396,1.59133896787116,stable,stable,1,0.669919732291248,0.150712174425006,0.101852424167869,0.95661961427884,0.281766702107906
