method,n_valid,n_executed,execution_rate,trajectory_follow_score,trajectory_success_rate,trajectory_xyz_rmse_m,trajectory_xy_rmse_m,trajectory_z_rmse_m,trajectory_xy_mae_m,trajectory_z_mae_m,trajectory_quality_mean,trajectory_quality_std,trajectory_metric_mode
Ontology Threshold Policy,300,75,0.25,0.753458341659849,1,0.186427008571236,0.18754097136801,0.0072366057226312,0.178120407258145,0.00447285063136063,0.847951508219174,0.052332546504263,proxy_tag_stability
Physics Threshold Baseline,300,106,0.353333333333333,0.712540019688562,0.990566037735849,0.19839138439839,0.164456941942499,0.11096420887129,0.156688548806856,0.0792960452306166,0.77030615278935,0.0969737153597844,proxy_tag_stability
