method,n_valid,accuracy,precision,safe_recall,unsafe_reject,balanced_accuracy,f1,unsafe_landing_rate,TP,FP,FN,TN
Ontology+AI (policy),400,0.8125,0.949664429530201,0.825072886297376,0.736842105263158,0.780957495780267,0.882995319812793,0.263157894736842,283,15,60,42
Threshold baseline,400,0.7925,0.954545454545455,0.795918367346939,0.771929824561403,0.783924095954171,0.868044515103339,0.228070175438596,273,13,70,44
