method,n_valid,accuracy,precision,safe_recall,unsafe_reject,balanced_accuracy,f1,unsafe_landing_rate,TP,FP,FN,TN
Ontology+AI (policy),10000,0.797,0.988973706530958,0.781850692892266,0.925855513307985,0.853853103100126,0.873299213581326,0.0741444866920152,6996,78,1952,974
Threshold baseline,10000,0.7268,0.942861214021089,0.73949485918641,0.618821292775665,0.679158075981038,0.828886383565076,0.381178707224335,6617,401,2331,651
