scenario_id,label,success,failure_reason,tag_lock_acquired,landing_cmd_time,random_bias_x,random_bias_y,hover_height_cmd,landing_height_m,wind_speed_cmd,wind_dir_cmd,mean_wind_speed,max_wind_speed,mean_abs_roll_deg,mean_abs_pitch_deg,mean_abs_vz,max_abs_vz,mean_tag_error,max_tag_error,final_altitude,final_abs_speed,final_abs_roll_deg,final_abs_pitch_deg,final_tag_error,stability_std_z,stability_std_vz,stability_std_vz_osc,touchdown_accel_rms,contact_count,final_state,launch_pid,launch_log,exception_message
1,unstable,0,z_unstable;vz_unstable;vz_oscillation_high,0,48.151549,0,0,1.83183284637742,-4.5654699067154e-07,2.21538387968712,-163.378299372785,0,0,1.11671985289698,1.42687904416413,0.0839686062161348,5.50298646062271,0.197043682206697,0.612969799166154,-4.5654699067154e-07,0.00045565139455172,4.08434969592403e-09,0.000261067749598426,0.108027116966172,0.817159442333688,0.453117216951431,0.320065997242438,0.634180284864194,0,0,480860,,
2,unstable,0,z_unstable;vz_unstable;vz_oscillation_high,0,47.990515,0,0,1.89713178123585,-8.92376018133857e-10,6.58766262661834,70.1383042712941,0,0,0.662709957154478,1.48793010356595,0.0821888919992173,5.50298319144316,0.179098217243612,0.602756169802809,-8.92376018133857e-10,0.000457113484918379,2.78262241027823e-09,1.37596895705668e-10,0.148281123634808,0.843557642004332,0.453830985286232,0.320584563102948,0.635137052980682,0,0,489034,,
