method,n_valid,n_executed,execution_rate,trajectory_follow_score,trajectory_success_rate,trajectory_xyz_rmse_m,trajectory_xy_rmse_m,trajectory_z_rmse_m,trajectory_xy_mae_m,trajectory_z_mae_m,trajectory_quality_mean,trajectory_quality_std,trajectory_metric_mode
Ontology Threshold Policy,10000,7590,0.759,0.778224855930595,0.992753623188406,0.19975967246299,0.142493051674113,0.139998774877209,0.139791834799263,0.1253206329756,0.726856013114447,0.0847433487620379,proxy_tag_stability
Physics Threshold Baseline,10000,7081,0.7081,0.769884268067004,0.994209857364779,0.197546242356535,0.139854193198054,0.139518179869537,0.13741135623091,0.125194625466722,0.728997254640839,0.0833591958346876,proxy_tag_stability
