method,n_valid,n_executed,execution_rate,trajectory_follow_score,trajectory_success_rate,trajectory_xyz_rmse_m,trajectory_xy_rmse_m,trajectory_z_rmse_m,trajectory_xy_mae_m,trajectory_z_mae_m,trajectory_quality_mean,trajectory_quality_std,trajectory_metric_mode
Ontology+AI (policy),1000,507,0.507,0.722690032704423,1,0.169032064612161,0.167453518048857,0.0230468687702008,0.156904353111244,0.0196666864274128,0.443156532195712,0.423833585596127,proxy_tag_stability
AI-Only baseline,1000,507,0.507,0.722690032704423,1,0.169032064612161,0.167453518048857,0.0230468687702008,0.156904353111244,0.0196666864274128,0.443156532195712,0.423833585596127,proxy_tag_stability
