scenario_id,mean_wind_speed,max_wind_speed,wind_velocity_x,wind_velocity_y,wind_velocity,wind_acceleration_x,wind_acceleration_y,wind_acceleration,wind_body_force_x,wind_body_force_y,wind_body_force,mean_wind_body_risk,mean_wind_gust_risk,mean_wind_risk_raw,min_thrust_margin_n,mean_abs_roll_deg,mean_abs_pitch_deg,mean_abs_vz,max_abs_vz,mean_tag_error,max_tag_error,stability_std_z,stability_std_vz,mean_imu_ang_vel,max_imu_ang_vel,mean_imu_lin_acc,max_imu_lin_acc,wind_speed_cmd,wind_dir_cmd,hover_height_cmd,gt_safe_to_land,label,success,onto_wind_condition,onto_gust,onto_temporal_pattern,onto_drone_state,onto_tag_observation
1,2.03603858641676,2.69541454315186,-1.26045731852842,-1.58117123154775,2.03603858641676,-0.0615495216073345,0.0062513425640344,0.0618661692198947,-0.0860280969891278,-0.13155473122087,0.16097100759552,0.0103823027368151,0.129274062998344,0.13191740327219,15.4324736508711,0.745061506825614,0.973244544980285,0.175403574852694,0.240277392798297,0.112557012399553,0.410845054845946,0.156386478764839,0.0426566748118426,,,,,2.0716688985117,-127.374480982322,2.31472368639318,AttemptLanding,AttemptLanding,1,0.569327103698907,0.159701721289044,0.180837652560085,0.898797236452321,0.349974661155754
2,2.34915051436183,3.0,-1.42435952975693,-1.82817589940081,2.34915051436183,-0.0130426341572844,-0.0085197863912474,0.0155787376225818,-0.114536879949118,-0.180443496978777,0.22327930643253,0.0144187850576037,0.228355847433237,0.230113173700576,15.3231944851354,1.86012545589949,1.922858045052,0.0267402127428443,0.0914020146134431,0.138327879807425,0.490353196810809,0.0049359715547052,0.0065882822350222,,,,,2.42882567996652,-126.095851442396,1.92963867692304,AttemptLanding,AttemptLanding,1,0.672462771903271,0.149297236166061,0.0941678458296145,0.956906451835388,0.938520942307811
