scenario_id,mean_wind_speed,max_wind_speed,wind_velocity_x,wind_velocity_y,wind_velocity,wind_acceleration_x,wind_acceleration_y,wind_acceleration,wind_body_force_x,wind_body_force_y,wind_body_force,mean_wind_body_risk,mean_wind_gust_risk,mean_wind_risk_raw,min_thrust_margin_n,mean_abs_roll_deg,mean_abs_pitch_deg,mean_abs_vz,max_abs_vz,mean_tag_error,max_tag_error,stability_std_z,stability_std_vz,mean_imu_ang_vel,max_imu_ang_vel,mean_imu_lin_acc,max_imu_lin_acc,wind_speed_cmd,wind_dir_cmd,hover_height_cmd,gt_safe_to_land,label,success,onto_wind_condition,onto_gust,onto_temporal_pattern,onto_drone_state,onto_tag_observation
1,2.04115486469399,2.6893744468689,-1.25895533093119,-1.58806936370901,2.04115486469399,-0.0600869001957442,0.0125284330044559,0.0613791268158847,-0.085828315705481,-0.132643127615761,0.161918956522884,0.0104448809793706,0.125957716313021,0.128592773848675,15.4258839683259,0.941175504198689,1.07226744696129,0.176815795522673,0.240277582495892,0.137983856957584,0.459378137053487,0.155670963142843,0.0416434443300747,,,,,2.0716688985117,-127.374480982322,2.31472368639318,AttemptLanding,AttemptLanding,1,0.570026518688131,0.157102245905601,0.178591512938995,0.895772193336692,0.338673841352185
2,2.34409124002618,3.0,-1.40915367375701,-1.83478159886743,2.34409124002618,-0.0115301929300497,-0.0143419067567549,0.0184020552771591,-0.112156688183322,-0.181712628664892,0.222735796249681,0.0143770563952354,0.231929854219704,0.233652628858387,15.4133655598259,1.58209265866456,1.57181703690129,0.0198190671313454,0.100410012507149,0.158952957390175,0.488920193321528,0.0020280610310622,0.0058387646706486,,,,,2.42882567996652,-126.095851442396,2.33524515102998,AttemptLanding,AttemptLanding,1,0.671821523111993,0.150953181128255,0.0935964562881658,0.965309747397739,0.329354241159922
