method,n_valid,accuracy,precision,safe_recall,unsafe_reject,balanced_accuracy,f1,unsafe_landing_rate,TP,FP,FN,TN
Ontology+AI (policy),1000,0.788,0.984419263456091,0.775669642857143,0.894230769230769,0.834950206043956,0.867665418227216,0.105769230769231,695,11,201,93
Threshold baseline,1000,0.75,0.938858695652174,0.771205357142857,0.567307692307692,0.669256524725275,0.846813725490196,0.432692307692308,691,45,205,59
