method,n_valid,n_executed,execution_rate,trajectory_follow_score,trajectory_success_rate,trajectory_xyz_rmse_m,trajectory_xy_rmse_m,trajectory_z_rmse_m,trajectory_xy_mae_m,trajectory_z_mae_m,trajectory_quality_mean,trajectory_quality_std,trajectory_metric_mode
Ontology Threshold Policy,5000,3684,0.7368,0.747201066974996,0.993756786102063,0.201967258960243,0.155396053819913,0.129483274216117,0.14944892934841,0.111794188111375,0.588150157346396,0.305178853039972,proxy_tag_stability
Physics Threshold Baseline,5000,2989,0.5978,0.755966060434275,0.993643358982937,0.194895302120935,0.149809473900203,0.124664751708552,0.144386705931958,0.103957172877237,0.749731278960156,0.0922044991361234,proxy_tag_stability
