method,n_valid,accuracy,precision,safe_recall,unsafe_reject,balanced_accuracy,f1,unsafe_landing_rate,TP,FP,FN,TN
Ontology+AI (policy),10000,0.7956,0.988695775045923,0.780828032585649,0.923002887391723,0.851915459988686,0.872552687367502,0.0769971126082772,6997,80,1964,959
Threshold baseline,10000,0.7273,0.939509306260575,0.743555406762638,0.587102983638114,0.665329195200376,0.830125210241076,0.412897016361886,6663,429,2298,610
