method,n_valid,accuracy,precision,safe_recall,unsafe_reject,balanced_accuracy,f1,unsafe_landing_rate,TP,FP,FN,TN
Ontology+AI (policy),325,0.883076923076923,0.883076923076923,1,0,0.5,0.937908496732026,1,287,38,0,0
Threshold baseline,325,0.787692307692308,0.94672131147541,0.804878048780488,0.657894736842105,0.731386392811297,0.870056497175141,0.342105263157895,231,13,56,25
