method,n_valid,n_executed,execution_rate,trajectory_follow_score,trajectory_success_rate,trajectory_xyz_rmse_m,trajectory_xy_rmse_m,trajectory_z_rmse_m,trajectory_xy_mae_m,trajectory_z_mae_m,trajectory_quality_mean,trajectory_quality_std,trajectory_metric_mode
Ontology Threshold Policy,300,225,0.75,0.681323887021319,0.995555555555556,0.201226786528699,0.150653819353259,0.133400323578851,0.144988302542992,0.113770601829373,0.245654387420264,0.352314823606599,proxy_tag_stability
Physics Threshold Baseline,300,106,0.353333333333333,0.712540019688562,0.990566037735849,0.19839138439839,0.164456941942499,0.11096420887129,0.156688548806856,0.0792960452306166,0.77030615278935,0.0969737153597844,proxy_tag_stability
