method,n_valid,n_executed,execution_rate,trajectory_follow_score,trajectory_success_rate,trajectory_xyz_rmse_m,trajectory_xy_rmse_m,trajectory_z_rmse_m,trajectory_xy_mae_m,trajectory_z_mae_m,trajectory_quality_mean,trajectory_quality_std,trajectory_metric_mode
Ontology Threshold Policy,1000,685,0.685,0.757283625812679,0.995620437956204,0.204508873982418,0.141922753967802,0.147247449702028,0.139328682831665,0.138750820532011,0.710454238641932,0.0671442007962694,proxy_tag_stability
Physics Threshold Baseline,1000,703,0.703,0.768770819898747,0.995732574679943,0.197348571837465,0.138536746020569,0.140549026351376,0.136285955023557,0.127231762736418,0.72738866739318,0.0803993710846764,proxy_tag_stability
