method,n_valid,accuracy,precision,safe_recall,unsafe_reject,balanced_accuracy,f1,unsafe_landing_rate,TP,FP,FN,TN
Ontology+AI (policy),10000,0.797,0.988979937835547,0.781948168007149,0.925572519083969,0.853760343545559,0.873362445414847,0.0744274809160305,7000,78,1952,970
Threshold baseline,10000,0.727,0.943036172030761,0.739722966934763,0.618320610687023,0.679021788810893,0.829097283085013,0.381679389312977,6622,400,2330,648
