method,n_valid,accuracy,precision,safe_recall,unsafe_reject,balanced_accuracy,f1,unsafe_landing_rate,TP,FP,FN,TN
Ontology+AI (policy),121,0.900826446280992,0.900826446280992,1,0,0.5,0.947826086956522,1,109,12,0,0
Threshold baseline,121,0.760330578512397,0.954545454545455,0.770642201834862,0.666666666666667,0.718654434250765,0.852791878172589,0.333333333333333,84,4,25,8
