method,n_valid,accuracy,precision,safe_recall,unsafe_reject,balanced_accuracy,f1,unsafe_landing_rate,TP,FP,FN,TN
Ontology+AI (policy),10000,0.7973,0.989254913049625,0.781962449709432,0.927756653992395,0.854859551850914,0.8734785593908,0.0722433460076046,6997,76,1951,976
Threshold baseline,10000,0.7267,0.942853071113011,0.739383102369245,0.618821292775665,0.679102197572455,0.828813028499844,0.381178707224335,6616,401,2332,651
