method,n_valid,n_executed,execution_rate,trajectory_follow_score,trajectory_success_rate,trajectory_xyz_rmse_m,trajectory_xy_rmse_m,trajectory_z_rmse_m,trajectory_xy_mae_m,trajectory_z_mae_m,trajectory_quality_mean,trajectory_quality_std,trajectory_metric_mode
Ontology Threshold Policy,1000,144,0.144,0.723238213464382,1,0.183613414270359,0.184825434434839,0.0224130727662564,0.174495392585969,0.0171744871115746,0.836266139962285,0.0554782910078137,proxy_tag_stability
Physics Threshold Baseline,1000,190,0.19,0.738366389733992,1,0.171301382055845,0.169668056061786,0.0235990306253677,0.157851311730338,0.0198780972440233,0.843609618669689,0.0536966688900815,proxy_tag_stability
