method,n_valid,accuracy,precision,safe_recall,unsafe_reject,balanced_accuracy,f1,unsafe_landing_rate,TP,FP,FN,TN
Ontology+AI (policy),31,0.935483870967742,1,0.928571428571429,1,0.964285714285714,0.962962962962963,0,26,0,2,3
Threshold baseline,31,0.774193548387097,1,0.75,1,0.875,0.857142857142857,0,21,0,7,3
