method,n_valid,n_executed,execution_rate,trajectory_follow_score,trajectory_success_rate,trajectory_xyz_rmse_m,trajectory_xy_rmse_m,trajectory_z_rmse_m,trajectory_xy_mae_m,trajectory_z_mae_m,trajectory_quality_mean,trajectory_quality_std,trajectory_metric_mode
Ontology+AI (policy),1000,18,0.018,0.703617839942799,1,0.178179477657814,0.177072227671754,0.0198331148782574,0.163299267812883,0.0152999283680309,0.844792366362559,0.0579501727582497,proxy_tag_stability
AI-Only baseline,1000,750,0.75,0.683473893884327,1,0.189024555130884,0.188597104018101,0.0127049123733343,0.177927869361464,0.00836856783539343,0.013460257051806,0.105825990258817,proxy_tag_stability
