method,n_valid,n_executed,execution_rate,trajectory_follow_score,trajectory_success_rate,trajectory_xyz_rmse_m,trajectory_xy_rmse_m,trajectory_z_rmse_m,trajectory_xy_mae_m,trajectory_z_mae_m,trajectory_quality_mean,trajectory_quality_std,trajectory_metric_mode
Ontology+AI (policy),1000,750,0.75,0.683473893884327,1,0.189024555130884,0.188597104018101,0.0127049123733343,0.177927869361464,0.00836856783539343,0.013460257051806,0.105825990258817,proxy_tag_stability
AI-Only baseline,1000,124,0.124,0.734272918392645,1,0.149469356894378,0.147461877598317,0.0244148173369738,0.141706305858466,0.0221919843854073,0.854171431302853,0.0368972437911938,proxy_tag_stability
