scenario_id,mean_wind_speed,max_wind_speed,wind_velocity_x,wind_velocity_y,wind_velocity,wind_acceleration_x,wind_acceleration_y,wind_acceleration,wind_body_force_x,wind_body_force_y,wind_body_force,mean_wind_body_risk,mean_wind_gust_risk,mean_wind_risk_raw,min_thrust_margin_n,mean_abs_roll_deg,mean_abs_pitch_deg,mean_abs_vz,max_abs_vz,mean_tag_error,max_tag_error,stability_std_z,stability_std_vz,mean_imu_ang_vel,max_imu_ang_vel,mean_imu_lin_acc,max_imu_lin_acc,wind_speed_cmd,wind_dir_cmd,hover_height_cmd,gt_safe_to_land,label,success,onto_wind_condition,onto_gust,onto_temporal_pattern,onto_drone_state,onto_tag_observation
1,2.01834132314539,2.70623993873596,-1.24604813783688,-1.57038641920928,2.01834132314539,-0.0493301368614324,0.0142236928969557,0.0513398075804201,-0.0837618702229018,-0.129704589866461,0.15805285128006,0.0101973592802376,0.12565520739147,0.128297127638786,15.3886623035102,1.17397266641251,1.00496760627532,0.176194260463662,0.240282797535465,0.162852392055051,0.392553840295989,0.156709367774984,0.0397734052172887,NaN,NaN,NaN,NaN,2.0716688985117,-127.374480982322,2.31472368639318,stable,stable,1,0.563883778366529,0.164189486564288,0.182625356281216,0.894782624768479,0.327621159086644
