method,n_valid,accuracy,precision,safe_recall,unsafe_reject,balanced_accuracy,f1,unsafe_landing_rate,TP,FP,FN,TN
Ontology+AI (policy),100,0.99,1,0.909090909090909,1,0.954545454545455,0.952380952380952,0,10,0,1,89
Threshold baseline,100,0.88,0,0,0.98876404494382,0.49438202247191,NaN,0.0112359550561798,0,1,11,88
