method,n_valid,n_executed,execution_rate,trajectory_follow_score,trajectory_success_rate,trajectory_xyz_rmse_m,trajectory_xy_rmse_m,trajectory_z_rmse_m,trajectory_xy_mae_m,trajectory_z_mae_m,trajectory_quality_mean,trajectory_quality_std,trajectory_metric_mode
Ontology Threshold Policy,10000,6497,0.6497,0.74458412380357,0.991534554409728,0.209044166011113,0.144286813705417,0.151263937321558,0.141270747221399,0.145560357248898,0.700323930754379,0.0588898935421079,proxy_tag_stability
Physics Threshold Baseline,10000,7081,0.7081,0.769884268067004,0.994209857364779,0.197546242356535,0.139854193198054,0.139518179869537,0.13741135623091,0.125194625466722,0.728997254640839,0.0833591958346876,proxy_tag_stability
