method,n_valid,accuracy,precision,safe_recall,unsafe_reject,balanced_accuracy,f1,unsafe_landing_rate,TP,FP,FN,TN
Ontology+AI (policy),331,0.867069486404834,0.867069486404834,1,0,0.5,0.928802588996764,1,287,44,0,0
Threshold baseline,331,0.791540785498489,0.94672131147541,0.804878048780488,0.704545454545455,0.754711751662971,0.870056497175141,0.295454545454545,231,13,56,31
