method,n_valid,n_executed,execution_rate,trajectory_follow_score,trajectory_success_rate,trajectory_xyz_rmse_m,trajectory_xy_rmse_m,trajectory_z_rmse_m,trajectory_xy_mae_m,trajectory_z_mae_m,trajectory_quality_mean,trajectory_quality_std,trajectory_metric_mode
Ontology+AI (policy),1000,750,0.75,0.683473893884327,1,0.189024555130884,0.188597104018101,0.0127049123733343,0.177927869361464,0.00836856783539343,0.013460257051806,0.105825990258817,proxy_tag_stability
AI-Only baseline,1000,129,0.129,0.735055559052255,1,0.150221875876217,0.148252578056388,0.02424427956043,0.142331430621527,0.0219314801805863,0.853976124256328,0.0376485705739058,proxy_tag_stability
