method,n_valid,accuracy,precision,safe_recall,unsafe_reject,balanced_accuracy,f1,unsafe_landing_rate,TP,FP,FN,TN
Ontology+AI (policy),10000,0.7958,0.989390295657094,0.78049324852137,0.92781520692974,0.854154227725555,0.872613849033063,0.0721847930702599,6994,75,1967,964
Threshold baseline,10000,0.7272,0.939500775631082,0.743443812074545,0.587102983638114,0.665273397856329,0.830052329927735,0.412897016361886,6662,429,2299,610
