method,n_valid,n_executed,execution_rate,trajectory_follow_score,trajectory_success_rate,trajectory_xyz_rmse_m,trajectory_xy_rmse_m,trajectory_z_rmse_m,trajectory_xy_mae_m,trajectory_z_mae_m,trajectory_quality_mean,trajectory_quality_std,trajectory_metric_mode
Ontology+AI (policy),1000,44,0.044,0.715685942428173,1,0.164156549071521,0.162781273958594,0.0212044677246955,0.146854781814371,0.0151024083502091,0.858743004716929,0.0618262851744323,proxy_tag_stability
AI-Only baseline,1000,507,0.507,0.722690032704423,1,0.169032064612161,0.167453518048857,0.0230468687702008,0.156904353111244,0.0196666864274128,0.443156532195712,0.423833585596127,proxy_tag_stability
