method,n_valid,accuracy,precision,safe_recall,unsafe_reject,balanced_accuracy,f1,unsafe_landing_rate,TP,FP,FN,TN
Ontology+AI (policy),100,0.96,1,0.866666666666667,1,0.933333333333333,0.928571428571429,0,26,0,4,70
Threshold baseline,100,0.44,0.324324324324324,0.8,0.285714285714286,0.542857142857143,0.461538461538462,0.714285714285714,24,50,6,20
