method,n_valid,accuracy,precision,safe_recall,unsafe_reject,balanced_accuracy,f1,unsafe_landing_rate,TP,FP,FN,TN
Ontology+AI (policy),100,0.98,1,0.857142857142857,1,0.928571428571429,0.923076923076923,0,12,0,2,86
Threshold baseline,100,0.85,0,0,0.988372093023256,0.494186046511628,NaN,0.0116279069767442,0,1,14,85
