method,n_valid,accuracy,precision,safe_recall,unsafe_reject,balanced_accuracy,f1,unsafe_landing_rate,TP,FP,FN,TN
Ontology+AI (policy),5000,0.7972,0.988460455952716,0.783054626532887,0.920388349514563,0.851721488023725,0.873849216222941,0.0796116504854369,3512,41,973,474
Threshold baseline,5000,0.7208,0.937907570172952,0.737569676700112,0.574757281553398,0.656163479126755,0.825761357963055,0.425242718446602,3308,219,1177,296
