method,n_valid,n_executed,execution_rate,trajectory_follow_score,trajectory_success_rate,trajectory_xyz_rmse_m,trajectory_xy_rmse_m,trajectory_z_rmse_m,trajectory_xy_mae_m,trajectory_z_mae_m,trajectory_quality_mean,trajectory_quality_std,trajectory_metric_mode
Ontology Threshold Policy,25508,17134,0.671710835816214,0.747239778794635,0.994455468658807,0.20565352375402,0.143697439017752,0.147120419562291,0.140590901525151,0.138426301623197,0.677329370100136,0.162684663860006,proxy_tag_stability
Physics Threshold Baseline,25508,17592,0.689665987141289,0.769383143372172,0.995509322419281,0.195155625199636,0.139299400196927,0.136679900321288,0.136374330592715,0.120599119526148,0.735605825098387,0.0876843248975275,proxy_tag_stability
