method,n_valid,n_executed,execution_rate,trajectory_follow_score,trajectory_success_rate,trajectory_xyz_rmse_m,trajectory_xy_rmse_m,trajectory_z_rmse_m,trajectory_xy_mae_m,trajectory_z_mae_m,trajectory_quality_mean,trajectory_quality_std,trajectory_metric_mode
Ontology Threshold Policy,10000,6497,0.6497,0.74458412380357,0.991534554409728,0.209044166011113,0.144286813705417,0.151263937321558,0.141270747221399,0.145560357248898,0.700323930754379,0.0588898935421079,proxy_tag_stability
Physics Threshold Baseline,10000,5261,0.5261,0.72082098779238,0.994487739973389,0.207271994142295,0.139747764775602,0.153075934738111,0.13708391661767,0.149314740553719,0.699119977126459,0.0495885412006621,proxy_tag_stability
