method,n_valid,n_executed,execution_rate,trajectory_follow_score,trajectory_success_rate,trajectory_xyz_rmse_m,trajectory_xy_rmse_m,trajectory_z_rmse_m,trajectory_xy_mae_m,trajectory_z_mae_m,trajectory_quality_mean,trajectory_quality_std,trajectory_metric_mode
Ontology Threshold Policy,10000,7070,0.707,0.761214210358555,0.991513437057992,0.205564348199408,0.145668970893772,0.145042242706727,0.142329390644377,0.134757867844104,0.712944839657888,0.0732704271501887,proxy_tag_stability
Physics Threshold Baseline,10000,5243,0.5243,0.719475227540077,0.993324432576769,0.208255053988996,0.141082889337131,0.153185462261425,0.138098592819723,0.149651463715602,0.697853509672394,0.0489282385301182,proxy_tag_stability
