method,n_valid,n_executed,execution_rate,trajectory_follow_score,trajectory_success_rate,trajectory_xyz_rmse_m,trajectory_xy_rmse_m,trajectory_z_rmse_m,trajectory_xy_mae_m,trajectory_z_mae_m,trajectory_quality_mean,trajectory_quality_std,trajectory_metric_mode
Ontology Threshold Policy,1000,602,0.602,0.73068154521504,0.995016611295681,0.212354031973879,0.142919471638388,0.157061324081288,0.140037692223176,0.15684670301384,0.687243544380054,0.0259946439855632,proxy_tag_stability
Physics Threshold Baseline,1000,703,0.703,0.768770819898747,0.995732574679943,0.197348571837465,0.138536746020569,0.140549026351376,0.136285955023557,0.127231762736418,0.72738866739318,0.0803993710846764,proxy_tag_stability
