scenario_id,mean_wind_speed,max_wind_speed,wind_velocity_x,wind_velocity_y,wind_velocity,wind_acceleration_x,wind_acceleration_y,wind_acceleration,wind_body_force_x,wind_body_force_y,wind_body_force,mean_wind_body_risk,mean_wind_gust_risk,mean_wind_risk_raw,min_thrust_margin_n,mean_abs_roll_deg,mean_abs_pitch_deg,mean_abs_vz,max_abs_vz,mean_tag_error,max_tag_error,stability_std_z,stability_std_vz,mean_imu_ang_vel,max_imu_ang_vel,mean_imu_lin_acc,max_imu_lin_acc,wind_speed_cmd,wind_dir_cmd,hover_height_cmd,gt_safe_to_land,label,success,onto_wind_condition,onto_gust,onto_temporal_pattern,onto_drone_state,onto_tag_observation
1,1.99338411207806,2.82694697380066,-1.20940431227333,-1.56477466347996,1.99338411207806,0.005433590353033,0.0042286492772687,0.0068851564132356,-0.0795175391717926,-0.129754907973632,0.156243641710875,0.0100759835200511,0.134526995874529,0.13454357887139,15.4324274606291,0.760659836288942,0.679443633908386,0.0717454216270289,0.240185618398518,0.133010340672573,0.510218625746269,0.156646599158028,0.0429136923311568,,,,,2.0716688985117,-127.374480982322,2.31472368639318,AttemptLanding,AttemptLanding,1,0.558477812328428,0.188813922563344,0.19851404330442,0.952812190492078,0.340884293034412
