method,n_valid,accuracy,precision,safe_recall,unsafe_reject,balanced_accuracy,f1,unsafe_landing_rate,TP,FP,FN,TN
Ontology+AI (policy),1000,0.794,0.988668555240793,0.779017857142857,0.923076923076923,0.85104739010989,0.871410736579276,0.0769230769230769,698,8,198,96
Threshold baseline,1000,0.721,0.938833570412518,0.736607142857143,0.586538461538462,0.661572802197802,0.825515947467167,0.413461538461538,660,43,236,61
