method,n_valid,accuracy,precision,safe_recall,unsafe_reject,balanced_accuracy,f1,unsafe_landing_rate,TP,FP,FN,TN
Ontology+AI (policy),10000,0.7971,0.978094042137575,0.789236658410268,0.859570661896243,0.824403660153256,0.873574677550003,0.140429338103757,7010,157,1872,961
Threshold baseline,10000,0.7246,0.93118491415705,0.744989867147039,0.562611806797853,0.653800836972446,0.827745809357018,0.437388193202147,6617,489,2265,629
