scenario_id,mean_wind_speed,max_wind_speed,wind_velocity_x,wind_velocity_y,wind_velocity,wind_acceleration_x,wind_acceleration_y,wind_acceleration,wind_body_force_x,wind_body_force_y,wind_body_force,mean_wind_body_risk,mean_wind_gust_risk,mean_wind_risk_raw,min_thrust_margin_n,mean_abs_roll_deg,mean_abs_pitch_deg,mean_abs_vz,max_abs_vz,mean_tag_error,max_tag_error,stability_std_z,stability_std_vz,mean_imu_ang_vel,max_imu_ang_vel,mean_imu_lin_acc,max_imu_lin_acc,wind_speed_cmd,wind_dir_cmd,hover_height_cmd,gt_safe_to_land,label,success,onto_wind_condition,onto_gust,onto_temporal_pattern,onto_drone_state,onto_tag_observation
1,2.04240579426694,2.74472093582153,-1.26606547640358,-1.58431282291062,2.04240579426694,-0.0621620895615795,0.0157117040263209,0.0641169480096529,-0.0866757158922677,-0.131915830886212,0.161746808958929,0.0104323051384502,0.123821314827145,0.126456380265695,15.4670703802921,0.797133661430251,0.972681391394206,0.175964574098148,0.240264982667014,0.131218478716572,0.362765920008225,0.156763341009753,0.0400414377645457,,,,,2.0716688985117,-127.374480982322,2.31472368639318,AttemptLanding,AttemptLanding,1,0.56993282119099,0.169775680651553,0.186098527218738,0.898112023250163,0.341680676125968
2,2.31993232373478,3.0,-1.36242628408266,-1.83809706670913,2.31993232373478,0.0063210521161478,-0.0244422519467994,0.0252463736026756,-0.105012584162695,-0.183402597820568,0.220811892048457,0.014254495051978,0.231468129316699,0.233226106596388,15.3744934621432,1.61883281202789,1.91799507406154,0.0308930247940712,0.111612265218343,0.203912245650257,0.655416758010804,0.0165470580101507,0.010613047601795,,,,,2.42882567996652,-126.095851442396,1.59133896787116,AttemptLanding,AttemptLanding,1,0.665293840981885,0.157643728986832,0.105799775433627,0.956764125640833,0.309372335266552
