method,n_valid,n_executed,execution_rate,trajectory_follow_score,trajectory_success_rate,trajectory_xyz_rmse_m,trajectory_xy_rmse_m,trajectory_z_rmse_m,trajectory_xy_mae_m,trajectory_z_mae_m,trajectory_quality_mean,trajectory_quality_std,trajectory_metric_mode
Ontology Threshold Policy,300,235,0.783333333333333,0.694225776299553,0.995744680851064,0.201981241061177,0.159348870913091,0.125311967617992,0.151911887627909,0.100720721018863,0.270912237880167,0.365327180676806,proxy_tag_stability
Physics Threshold Baseline,300,106,0.353333333333333,0.712540019688562,0.990566037735849,0.19839138439839,0.164456941942499,0.11096420887129,0.156688548806856,0.0792960452306166,0.77030615278935,0.0969737153597844,proxy_tag_stability
