scenario_id,mean_wind_speed,max_wind_speed,wind_velocity_x,wind_velocity_y,wind_velocity,wind_acceleration_x,wind_acceleration_y,wind_acceleration,wind_body_force_x,wind_body_force_y,wind_body_force,mean_wind_body_risk,mean_wind_gust_risk,mean_wind_risk_raw,min_thrust_margin_n,mean_abs_roll_deg,mean_abs_pitch_deg,mean_abs_vz,max_abs_vz,mean_tag_error,max_tag_error,stability_std_z,stability_std_vz,mean_imu_ang_vel,max_imu_ang_vel,mean_imu_lin_acc,max_imu_lin_acc,wind_speed_cmd,wind_dir_cmd,hover_height_cmd,gt_safe_to_land,label,success,onto_wind_condition,onto_gust,onto_temporal_pattern,onto_drone_state,onto_tag_observation
1,2.04383394588419,2.67107534408569,-1.26215549301822,-1.58931260516482,2.04383394588419,-0.0590297757779236,0.00914992415275161,0.0597347096786537,-0.0861922297502516,-0.132848335909144,0.162220866541082,0.010461928998885,0.125179469570898,0.127790292083208,15.4610500964043,0.889495157001914,0.767080234916491,0.175931272943755,0.240290388256513,0.113355844081019,0.40411235501855,0.15667034700376,0.0404254421899065,NaN,NaN,NaN,NaN,2.0716688985117,-127.374480982322,2.31472368639318,stable,stable,1,0.570580443985758,0.152080678036426,0.175579832953189,0.899018414020192,0.34961962485288
2,2.30166043837865,3,-1.39158310702637,-1.79548591822316,2.30166043837865,0.00685981935125503,0.00597686525600526,0.00909835368735992,-0.109663529476752,-0.174667923529133,0.215329512706183,0.0138977977234352,0.229087591019098,0.230742279787792,15.4553531382733,1.55797493319754,1.66220468344658,0.0244965157398361,0.0518032798734232,0.107611535704434,0.450717636581707,0.000188547778828707,0.00571100805591251,NaN,NaN,NaN,NaN,2.42882567996652,-126.095851442396,2.0749319606354,stable,stable,1,0.659924572858532,0.158794432874153,0.0974371889394543,0.96245033085645,0.952172650798029
3,1.75524844766474,2.64853405952454,-1.0818767018496,-1.35268554566673,1.75524844766474,-0.0637312884407703,0.0214714972257765,0.0672510395416843,-0.0672170242261256,-0.101862999687106,0.127679504590132,0.00823642748880942,0.17561438007609,0.177673406022751,15.405315903429,0.888089955389406,1.01189364232454,0.17674417232395,0.240250675864407,0.144122664841501,0.427945041432874,0.159436074964035,0.0367283159824864,NaN,NaN,NaN,NaN,1.87319628751653,-127.297520073929,1.5,stable,stable,1,0.503600933915148,0.213318619917763,0.21220740097881,0.896699471284558,0.335945482292666
