method,n_valid,n_executed,execution_rate,trajectory_follow_score,trajectory_success_rate,trajectory_xyz_rmse_m,trajectory_xy_rmse_m,trajectory_z_rmse_m,trajectory_xy_mae_m,trajectory_z_mae_m,trajectory_quality_mean,trajectory_quality_std,trajectory_metric_mode
Ontology Threshold Policy,25508,17837,0.699270816998589,0.755481041273818,0.994505802545271,0.204036735459063,0.144696949021276,0.143989829799297,0.141186163977036,0.133039660802175,0.684764743025599,0.163984997415421,proxy_tag_stability
Physics Threshold Baseline,25508,17592,0.689665987141289,0.769383143372172,0.995509322419281,0.195155625199636,0.139299400196927,0.136679900321288,0.136374330592715,0.120599119526148,0.735605825098387,0.0876843248975275,proxy_tag_stability
