method,n_valid,n_executed,execution_rate,trajectory_follow_score,trajectory_success_rate,trajectory_xyz_rmse_m,trajectory_xy_rmse_m,trajectory_z_rmse_m,trajectory_xy_mae_m,trajectory_z_mae_m,trajectory_quality_mean,trajectory_quality_std,trajectory_metric_mode
Ontology Threshold Policy,1000,93,0.093,0.718272536282334,1,0.178451826009995,0.177377195467217,0.0195546601731146,0.168322045418901,0.0134829102888797,0.842877990956483,0.0502379687060792,proxy_tag_stability
Physics Threshold Baseline,1000,190,0.19,0.738366389733992,1,0.171301382055845,0.169668056061786,0.0235990306253677,0.157851311730338,0.0198780972440233,0.843609618669689,0.0536966688900815,proxy_tag_stability
