scenario_id,mean_wind_speed,max_wind_speed,wind_velocity_x,wind_velocity_y,wind_velocity,wind_acceleration_x,wind_acceleration_y,wind_acceleration,wind_body_force_x,wind_body_force_y,wind_body_force,mean_wind_body_risk,mean_wind_gust_risk,mean_wind_risk_raw,min_thrust_margin_n,mean_abs_roll_deg,mean_abs_pitch_deg,mean_abs_vz,max_abs_vz,mean_tag_error,max_tag_error,stability_std_z,stability_std_vz,mean_imu_ang_vel,max_imu_ang_vel,mean_imu_lin_acc,max_imu_lin_acc,wind_speed_cmd,wind_dir_cmd,hover_height_cmd,gt_safe_to_land,label,success,onto_wind_condition,onto_gust,onto_temporal_pattern,onto_drone_state,onto_tag_observation
1,2.02626821461257,2.69463562965393,-1.24480477442619,-1.58123208214372,2.02626821461257,-0.051535927853831,0.0152686127776159,0.0537501850778958,-0.0837266233782185,-0.131443441225129,0.159554891065096,0.0102941784113334,0.127104511236037,0.129847612103706,15.3888887961224,1.18640873669927,0.972637886442081,0.18122552421084,0.241180654841413,0.184816714761258,0.433999193465456,0.15617088933894,0.0411252979368464,,,,,2.0716688985117,-127.374480982322,2.31472368639318,AttemptLanding,AttemptLanding,1,0.566307712984094,0.16023686898192,0.180506059335008,0.892423300141326,0.317859237883885
2,2.34340504295117,3.0,-1.40059918743296,-1.83748154973029,2.34340504295117,0.0006003325681154,-0.0176648277329231,0.0176750258281619,-0.111617054161199,-0.182896596247109,0.224247019830191,0.0144789031119109,0.230884645773974,0.232677982501623,15.4010766178517,1.76504598931813,1.87218794991458,0.0193214774522056,0.0942895892949963,0.142909704311626,0.443685489020282,8.80572809063832e-05,0.0095867861177146,,,,,2.42882567996652,-126.095851442396,2.33524515102998,AttemptLanding,AttemptLanding,1,0.67144360795397,0.150974286737816,0.0941098126547868,0.961760994608497,0.3364845758615
